mysql> CREATE TABLE phones (id INT NOT NULL AUTO_INCREMENT, phone_name CHAR(255) DEFAULT NULL, company_id CHAR(255) DEFAULT NULL, user_id CHAR(255) DEFAULT NULL, PRIMARY KEY (id));
Query OK, 0 rows affected (0,01 sec)

mysql> SHOW TABLES;
+--------------------+
| Tables_in_my_items |
+--------------------+
| phones             |
| users              |
+--------------------+
2 rows in set (0,01 sec)

mysql> SHOW COLUMNS FROM phones;
+------------+-----------+------+-----+---------+----------------+
| Field      | Type      | Null | Key | Default | Extra          |
+------------+-----------+------+-----+---------+----------------+
| id         | int       | NO   | PRI | NULL    | auto_increment |
| phone_name | char(255) | YES  |     | NULL    |                |
| company_id | char(255) | YES  |     | NULL    |                |
| user_id    | char(255) | YES  |     | NULL    |                |
+------------+-----------+------+-----+---------+----------------+
4 rows in set (0,00 sec)

mysql> CREATE TABLE phone_companies (id INT NOT NULL AUTO_INCREMENT, name CHAR(255) DEFAULT NULL, PRIMARY KEY (id));
Query OK, 0 rows affected (0,01 sec)

mysql> SHOW TABLES;
+--------------------+
| Tables_in_my_items |
+--------------------+
| phone_companies    |
| phones             |
| users              |
+--------------------+
3 rows in set (0,00 sec)

mysql> SELECT * FROM users WHERE is_developer=1;
+----+------------+-----------+---------------------------------------------------+--------------+----------------+
| id | first_name | last_name | about_me                                          | is_developer | email          |
+----+------------+-----------+---------------------------------------------------+--------------+----------------+
|  1 | Liubomyr   | Luzhnyi   | bla bla bla bla bla lb a bla bla bla bla bla bla  |            1 | test@email.com |
|  3 | Vasyl      | Mykutko   | bla bla bla bla                                   |            1 | test@email.com |
|  4 | Roman      | Bondar    | bla bla bla bla bla lb a bla bla bla bla bla bla1 |            1 | test@email.com |
+----+------------+-----------+---------------------------------------------------+--------------+----------------+
3 rows in set (0,00 sec)

mysql> INSERT INTO phone_companies (name) VALUES ("Xiaomi"), ("Apple"), ("Samsung");
Query OK, 3 rows affected (0,00 sec)
Records: 3  Duplicates: 0  Warnings: 0

mysql> SELECT * FROM phone_companies;
+----+---------+
| id | name    |
+----+---------+
|  1 | Xiaomi  |
|  2 | Apple   |
|  3 | Samsung |
+----+---------+
3 rows in set (0,00 sec)

